time/fps,rollout/ep_rew_mean_U_0,rollout/ep_len_mean,time/iterations,rollout/ep_rew_mean_B_1,rollout/ep_rew_mean,time/time_elapsed,rollout/ep_rew_mean_B_0,time/total_timesteps,rollout/ep_rew_mean_U_1,train/approx_kl,rollout/bias_estimate,train/value_loss_B_0,train/value_loss_U_1,train/explained_variance_B_0,train/loss,train/policy_gradient_loss_U_0,rollout/benefit_1,train/entropy_loss,train/learning_rate,train/value_loss_U_0,train/value_loss,rollout/benefit_0,train/clip_range,train/explained_variance_U_0,train/policy_gradient_loss_B_0,train/policy_gradient_loss_U_1,train/policy_gradient_loss_B_1,train/explained_variance_B_1,train/explained_variance_U_1,train/clip_fraction,train/policy_gradient_loss,train/n_updates,train/explained_variance,train/value_loss_B_1
342,299.5,2000.0,1,452.0,59.0,11,601.5,4000,230.5,,,,,,,,,,,,,,,,,,,,,,,,,
275,301.0,2000.0,2,439.0,34.0,29,589.75,8000,224.5,3.1500775e-05,-0.17798895,23.873946247403584,3.3880505722666543,-0.02113330364227295,19.528093338012695,-0.0006014031609372487,0.5675526,-0.6931346505407303,1e-05,6.324868868267726,4.593628144264221,0.38956368,0.2,-0.01874864101409912,-6.619860817279134e-06,-0.000508572119805548,-7.071114544357573e-05,-0.008296847343444824,-0.00034415721893310547,0.0,-0.00024009023659995625,10,0.0037797093391418457,14.113253157479422
258,301.0,2000.0,3,440.3333333333333,24.166666666666668,46,590.3333333333334,12000,222.66666666666666,2.029522e-05,0.1688044,20.32817464556013,2.6614623234385535,-0.02849102020263672,16.655275344848633,-0.0005516775795036838,0.39574254,-0.6930792944771903,1e-05,5.683840980605473,4.896820172809419,0.56454694,0.2,-0.024869441986083984,-7.939436103379916e-05,-0.0003252630835280768,-1.114501381322505e-05,-0.013730883598327637,-0.0006383657455444336,0.0,-0.00028319287128628247,20,0.004496335983276367,11.637659267395263
249,301.75,2000.0,4,443.625,30.5,64,589.375,16000,224.5,2.3347651e-05,-0.36605027,18.304486902933274,2.105380941478033,-0.04135441780090332,13.581551551818848,0.00022890776366231934,0.78235275,-0.6930544318660857,1e-05,4.717759181582738,3.712608832783169,0.41630247,0.2,-0.040778160095214844,8.883316897683673e-07,0.00029093360543132774,-7.001896728835409e-05,-0.03486180305480957,0.010406911373138428,0.0,-0.0002327691697116409,30,0.007552504539489746,11.207658676117186
246,298.6,2000.0,5,454.2,38.7,81,581.8,20000,229.6,2.5617965e-05,-0.07724565,15.259779986881075,2.054058538164411,-0.03888702392578125,11.600091934204102,-0.0005875331504891316,0.7775695,-0.6930139817888774,1e-05,3.889911987478771,4.464205309322902,0.7003238,0.2,-0.05096232891082764,-9.779640961261022e-06,-0.00044814802203623074,-0.0001315395658214887,-0.04381287097930908,0.0014633536338806152,0.0,-0.00025972904681804634,40,0.007562398910522461,9.966078660601662
242,292.6666666666667,2000.0,6,456.5,31.5,98,574.0,24000,234.58333333333334,2.6786212e-05,-0.3525563,10.574029550098238,1.8337347110112507,-0.04931199550628662,8.505379676818848,-0.0004921822586939448,0.95437765,-0.6928732050789728,1e-05,2.8552829285462695,4.883562427096897,0.60182136,0.2,-0.05720984935760498,-2.9667681230912134e-05,-0.0003891688631108356,-4.97906513157345e-05,-0.06026899814605713,-0.005431771278381348,0.0,-0.0002254469497572808,50,0.012057483196258545,9.948126658182295
241,290.7857142857143,2000.0,7,454.42857142857144,28.642857142857142,116,571.7857142857143,28000,234.78571428571428,3.4732995e-05,-0.1812942,7.170448862749433,1.5086097034197006,-0.05399143695831299,6.566876411437988,-0.00015008758960498704,0.7560948,-0.6927432848347558,1e-05,1.842655634217792,4.177581798084199,0.5748006,0.2,-0.06479787826538086,-7.725907933144342e-05,9.249500368559171e-05,-9.781519867598065e-06,-0.06899738311767578,-0.015938878059387207,0.0,-0.00044052843521866534,60,0.00995868444442749,6.510285784895458
239,291.0,2000.0,8,454.3125,31.8125,133,572.875,32000,236.0,7.5223325e-05,-0.06637323,5.339431950875691,1.3113766466814374,-0.047638893127441406,6.342331409454346,-0.0006390118527980078,0.662175,-0.6925234889227246,1e-05,1.6276709175299084,4.785208194596427,0.5958018,0.2,-0.027985334396362305,-8.905168164462324e-05,-0.00038001079496646686,-7.821285121497653e-05,-0.09819614887237549,-0.0014055967330932617,0.0,-0.0005726202716311765,70,0.00976639986038208,3.9353597598416465
238,290.27777777777777,2000.0,9,454.72222222222223,29.833333333333332,150,568.6111111111111,36000,236.27777777777777,0.00011101207,-0.16707224,4.480990631807418,1.2660465843147701,-0.0029507875442504883,5.76961088180542,-0.0005619188134987203,0.710509,-0.6919282010623387,1e-05,1.8421203265114436,5.132087198893229,0.54343677,0.2,0.007451295852661133,7.934089424827742e-05,-0.00016689256188415346,-0.0001795473789411878,-0.028322219848632812,0.020610690116882324,0.0,-0.0005080153042125323,80,0.008189082145690918,3.4673976322015125
237,291.9,2000.0,10,457.95,34.15,168,567.0,40000,238.2,8.534908e-05,-0.10672414,3.523534795783815,1.3113016705191325,0.020275652408599854,5.219588279724121,-0.00039264971153840184,0.60755605,-0.691157198046881,1e-05,1.4122565359350234,4.325283721136668,0.5008319,0.2,0.015694916248321533,3.589677905279493e-05,-0.00020672609024341144,3.441939581303842e-05,0.01530921459197998,0.0181581974029541,0.0,-0.00043514615870893946,90,0.015543580055236816,2.8342317829056394
237,293.5,2000.0,11,456.27272727272725,34.68181818181818,185,567.1818181818181,44000,236.63636363636363,0.00018739598,-0.07097602,3.2415369694195095,1.4243932083485618,0.019518673419952393,3.2496116161346436,-0.0009002270945717418,0.59558153,-0.6899402007224068,1e-05,1.5599246845358894,4.9063878562715315,0.5246055,0.2,0.015394866466522217,7.625797260848302e-05,-0.0006293418832005016,1.4309392916777778e-05,0.02677905559539795,0.017550110816955566,0.0,-0.0007498087272757575,100,0.015264511108398438,3.289923770276327
236,294.9583333333333,2000.0,12,456.2083333333333,36.875,202,565.375,48000,237.16666666666666,0.00049484207,-0.07681593,3.638135352588835,1.2964895256928035,0.03239840269088745,15.726935386657715,-0.0018821524862673075,0.57040524,-0.6874085599467867,1e-05,1.8935993980793726,4.401276537350246,0.4935893,0.2,0.017061591148376465,-9.160214399416296e-05,-0.0006957041565328837,6.050777414606677e-05,0.04187166690826416,0.03145170211791992,0.0,-0.0015259437418232362,110,0.017109274864196777,3.0434903358656262
235,296.65384615384613,2000.0,13,455.46153846153845,38.30769230769231,220,565.3461538461538,52000,237.84615384615384,0.0002695957,-0.013828456,3.518115208640931,1.4349313752991812,0.026013612747192383,11.501920700073242,-0.0011542384024886857,0.5798092,-0.6837330098190005,1e-05,1.620321041440207,4.907164938487703,0.56598073,0.2,0.02204132080078125,0.00017512681624216457,-0.00046012655107511414,-9.413986644219784e-05,0.029375076293945312,0.012495636940002441,0.0,-0.0008912345697541558,120,0.012039721012115479,3.0405077005189565
235,300.7857142857143,2000.0,14,453.82142857142856,41.285714285714285,237,567.6428571428571,56000,237.39285714285714,0.0004712928,0.005823493,4.358505983768947,1.3060668095709786,0.029919981956481934,5.5051164627075195,-0.0011451927508922322,0.5249864,-0.679541125751677,1e-05,1.8950402175623273,4.9258446288487265,0.5308099,0.2,0.02554178237915039,1.1357378273729294e-05,-0.00032136619150165526,7.011472203192257e-05,0.02140796184539795,0.01871359348297119,0.0,-0.0014433875502575012,130,0.01697593927383423,2.827946569995275
235,303.8,2000.0,15,455.46666666666664,46.8,255,567.9666666666667,60000,238.7,0.0007390354,0.01568982,3.992112674599602,1.3625929401507453,0.01843547821044922,10.606618881225586,-0.0022547397518619186,0.4952573,-0.6725267325128828,1e-05,1.9725139929188622,4.290498101900495,0.5109471,0.2,0.01268923282623291,0.00015972595262740339,-0.00042452048436398545,0.0003687327831155724,0.0332568883895874,0.02589362859725952,0.0,-0.0017874001126204219,140,0.012317180633544922,3.189735181937142
234,307.25,2000.0,16,455.46875,50.8125,272,566.125,64000,240.28125,0.00084092695,-0.027071893,4.185986502586849,1.4469028605355156,0.022380709648132324,6.622249126434326,-0.0025452353562864048,0.59550124,-0.6645092490173522,1e-05,2.0155558817916446,4.533321507393368,0.56842935,0.2,0.017628371715545654,1.8563763135009343e-05,-0.0018979728022324187,-0.00041261864308681753,0.031767070293426514,0.021108806133270264,0.0,-0.0014396284758630726,150,0.007914721965789795,2.8575136315254936
234,310.55882352941177,2000.0,17,456.47058823529414,55.88235294117647,290,565.6764705882352,68000,242.11764705882354,0.00077679945,0.03328985,4.345697124799092,1.4073970302229837,0.02894151210784912,9.895404815673828,-0.0016740246195464381,0.56575805,-0.6546789087946453,1e-05,2.342407606234626,6.070992631760855,0.5990479,0.2,0.019941985607147217,-0.0006975048118167454,0.0003919460847678166,-9.728771678748584e-05,0.035772085189819336,0.030267715454101562,0.0,-0.0016920844418188883,160,0.011451184749603271,2.9873830556869505
233,317.27777777777777,2000.0,18,456.5833333333333,65.33333333333333,307,567.9166666666666,72000,243.88888888888889,0.0010918645,0.0460366,4.660206272488549,1.6505171946116857,0.038177430629730225,5.561246395111084,-0.0024050922968262244,0.5432812,-0.6437765006035093,1e-05,2.5276661607954236,5.3611924110897,0.5893178,0.2,0.03271365165710449,-0.0007651059444816339,-0.0014004228762277062,-0.00030026541919344,0.02599036693572998,0.0280916690826416,0.0,-0.0023255909386549205,170,0.01210707426071167,3.6568567799197305
233,322.07894736842104,2000.0,19,456.10526315789474,70.60526315789474,325,567.3684210526316,76000,245.0,0.0023328993,0.053518057,4.903140980667538,1.627162535512258,0.028275489807128906,5.470956325531006,-0.004040566532473479,0.5539595,-0.6248261142344702,1e-05,2.749087739842279,5.264911265600295,0.60747755,0.2,0.019980788230895996,-0.0006167909950904903,-0.0022789836018567993,0.0003030809485131786,0.024161815643310547,0.01014554500579834,0.0,-0.0028535038979339692,180,0.0031505227088928223,3.039353353352774
233,326.525,2000.0,20,455.8,75.325,342,566.575,80000,246.775,0.0018333454,0.10346377,4.548283757103814,1.6956484811646597,0.033220767974853516,6.412497520446777,-0.0028084490825200366,0.54660165,-0.6018228100405799,1e-05,2.6201889405174863,5.376282150404794,0.6500654,0.2,0.02366691827774048,1.789015969113698e-06,-0.002822606519810737,-0.0006267076276893181,0.018042922019958496,0.013483941555023193,0.0,-0.0020866000049170994,190,0.0046700239181518555,3.622845517926746
233,330.5238095238095,2000.0,21,454.3333333333333,79.5,360,564.8809523809524,84000,247.64285714285714,0.0013799053,0.13504636,4.60591413634164,1.6943477700627039,0.026595592498779297,25.738466262817383,-0.002666352143777268,0.5531351,-0.579662323187268,1e-05,2.9210762579289695,5.143272685247754,0.68818146,0.2,0.027878522872924805,-0.0007108654302086622,-0.001058428424839226,0.0005706438476899787,0.023629367351531982,0.015551388263702393,0.0,-0.002119680539897037,200,0.0040302276611328125,3.364293140078348
232,333.52272727272725,2000.0,22,454.6363636363636,85.25,377,563.75,88000,249.6590909090909,0.0033357518,0.07878113,4.536422905657027,1.7997987372534616,0.030246198177337646,3.8710103034973145,0.00215346347392788,0.57881236,-0.5633401743949406,1e-05,2.6419848291646866,4.787708183318849,0.6575935,0.2,0.03332257270812988,0.00022565902077725957,0.0029807035042534744,-0.000200873702054932,0.03222334384918213,0.027978062629699707,0.005357142857142857,-0.00317255289530352,210,0.00752568244934082,3.759976472173418
232,337.9782608695652,2000.0,23,455.45652173913044,93.95652173913044,395,563.0652173913044,92000,251.97826086956522,0.0012927122,0.083387315,4.665567860527644,1.8124733404507714,0.03174877166748047,4.832463264465332,-0.0009035567686493908,0.62070704,-0.5560511398883093,1e-05,2.6952687663691384,4.985651708406115,0.70409435,0.2,0.02904200553894043,-0.0002333222371008661,-0.0010900024139869307,-1.461134839152533e-05,0.02498459815979004,0.023497045040130615,0.0,-0.002576126559593138,220,0.009559810161590576,3.5054460623907664
232,341.7708333333333,2000.0,24,456.6041666666667,102.47916666666667,413,562.6875,96000,254.20833333333334,0.0011891809,0.1466673,4.229043554313599,1.7536432225552816,0.02396249771118164,5.785775184631348,-0.0011976921716557135,0.58712614,-0.5314650741834489,1e-05,2.584489404682129,4.6799074396254525,0.73379344,0.2,0.02322518825531006,-0.0003934835453355123,0.00015705096727562328,0.00030874441126509317,0.02875596284866333,0.028650343418121338,0.0010912698412698413,-0.002590686651981539,230,0.014219343662261963,3.3661116442037007
232,346.36,2000.0,25,456.48,110.42,430,562.64,100000,256.34,0.002940279,0.15261585,4.52570838294332,1.761153332960038,0.031546711921691895,4.3793230056762695,-0.0033197093208039564,0.5927881,-0.5000471844086571,1e-05,2.88557110239589,5.07006414277213,0.74540395,0.2,0.030719757080078125,0.00027936093568328826,-0.004981229950984319,-0.0017136820976341527,0.01324164867401123,0.008724033832550049,0.008333333333333333,-0.003386258002045372,240,0.005991160869598389,3.4239061235435426
231,351.0576923076923,2000.0,26,455.5,116.86538461538461,448,562.5384615384615,104000,257.61538461538464,0.0037293155,0.14921135,4.663505265069387,1.9232566940406013,0.03412896394729614,11.769083976745605,-0.003165416789817668,0.57455015,-0.46878370798769453,1e-05,3.0775458745540134,5.942971798730275,0.7237615,0.2,0.033363163471221924,6.619819129506747e-05,-0.004897726748493455,-0.001054830758255862,0.025547027587890625,0.018371999263763428,0.007192460317460317,-0.0028355377208855418,250,0.002440810203552246,3.424652447397747
231,356.24074074074076,2000.0,27,454.94444444444446,125.46296296296296,465,562.9629629629629,108000,260.1666666666667,0.0011009775,0.10703802,4.444954934952751,1.8904066326126219,0.022656023502349854,4.923920154571533,-0.0005653031702552522,0.64156884,-0.4395329588935489,1e-05,3.165663907452235,5.7950052079700285,0.74860686,0.2,0.0276716947555542,0.00019299754104207432,-0.000379863918005001,-0.0005969610331313951,0.02603137493133545,0.02870965003967285,0.0,-0.0017028096612424605,260,0.007417917251586914,3.4458800912849488
231,359.9107142857143,2000.0,28,455.4107142857143,132.28571428571428,483,561.7678571428571,112000,263.44642857142856,0.0016462125,0.089989245,4.628413259888452,2.0030349638726976,0.01724642515182495,6.736367225646973,-0.002005181650054597,0.65478927,-0.41214653911098603,1e-05,3.1473830899548907,5.847384429356408,0.7447785,0.2,0.01873147487640381,-0.0004036676907350147,-0.002316813865706088,-0.00040819695042002767,0.03534144163131714,0.0340915322303772,0.00029761904761904765,-0.0016306028642233401,270,0.004919469356536865,3.6692300707574876
231,363.62068965517244,2000.0,29,454.86206896551727,137.89655172413794,501,560.7586206896551,116000,265.17241379310343,0.0013234334,0.10976678,4.921024447584909,2.1559382136852023,0.023417174816131592,6.525021076202393,-0.0003405777367925833,0.67050856,-0.38723430624083865,1e-05,3.4145643414959075,5.685153458610413,0.78027534,0.2,0.027004718780517578,-0.0006658747363539916,-0.00039031997633477055,-0.0006720572466119415,0.0364985466003418,0.03466874361038208,0.002703373015873016,-0.002305751026327175,280,0.008587837219238281,3.6318233138039
231,368.05,2000.0,30,454.71666666666664,144.78333333333333,518,561.1333333333333,120000,266.75,0.0018621058,0.12417221,4.643600364715334,1.8596870814997053,0.029731154441833496,5.78948450088501,0.0002016700900322388,0.67130554,-0.3809115182312708,1e-05,3.4591059179533095,5.99442391774011,0.79547775,0.2,0.031231939792633057,-0.0002590890367707563,0.002088257357744234,0.0002931500208519754,0.02298915386199951,0.025642216205596924,0.00047123015873015874,-0.0014524828110422407,290,0.00015288591384887695,3.5656381693151262
231,371.0483870967742,2000.0,31,454.8225806451613,150.7258064516129,536,560.241935483871,124000,269.01612903225805,0.00048418372,0.13921952,4.7176821148584756,2.115335060963555,0.029652833938598633,4.430248260498047,-0.0006069634065386795,0.67876357,-0.3728451695707109,1e-05,3.5549261431845407,5.259247604059794,0.8179831,0.2,0.028548479080200195,-9.516184661714804e-05,-0.0007205339621693369,-8.15370689249701e-05,0.03206133842468262,0.02748960256576538,0.0,-0.0007461869586554785,300,0.0021074414253234863,3.607440383661361
231,373.9375,2000.0,32,455.65625,156.671875,554,559.375,128000,271.375,0.0011792001,0.18369639,5.098311136828529,2.0010271553009273,0.029228389263153076,3.955667734146118,-0.0007606479782788526,0.6514435,-0.36265359066781544,1e-05,3.7118263524676127,5.911128014988369,0.8351399,0.2,0.029609620571136475,-0.0005062444497727686,0.0007535360435703917,3.707288720068477e-05,0.02740323543548584,0.03145480155944824,0.0010168650793650794,-0.001807910240151816,310,0.0025817155838012695,3.333970681542442
230,378.04545454545456,2000.0,33,455.42424242424244,163.03030303030303,571,559.7878787878788,132000,272.72727272727275,0.001083618,0.14134985,4.282115150444091,2.229362309641308,0.016704261302947998,10.886689186096191,-0.000927616801438114,0.691864,-0.3404887289754928,1e-05,3.2287238587462714,6.067459153750586,0.83321387,0.2,0.021151304244995117,-0.00028268486734420536,-0.0009353254071717697,-0.00046963412240738904,0.029547154903411865,0.02597421407699585,0.0,-0.0016976004126407797,320,0.004527091979980469,3.765804230220734
230,380.9264705882353,2000.0,34,455.61764705882354,168.86764705882354,589,559.1764705882352,136000,274.8235294117647,0.0012637686,0.12365937,5.033556305037605,2.092427350982787,0.031051993370056152,39.2296028137207,-0.002052824715861962,0.712405,-0.3145800149156934,1e-05,4.164141483723172,6.241500661486671,0.8360644,0.2,0.0319175124168396,-0.0008331097736363373,-0.0022214003254674257,-0.0004215491318424779,0.018339455127716064,0.02224123477935791,0.0036706349206349206,-0.001850139530789521,330,0.005527198314666748,3.354515035947164
230,384.5285714285714,2000.0,35,455.7,175.31428571428572,607,559.3714285714286,140000,277.1,0.0013146256,0.10678983,4.555698728750622,2.227166004313363,0.02866828441619873,7.49836540222168,-0.001597959381927337,0.74554425,-0.2977825128842914,1e-05,3.578032903917252,5.8093789872669035,0.8523341,0.2,0.03138768672943115,-0.0005151551105969009,-0.002733351653885274,-0.0007723324954332341,0.02877175807952881,0.0323185920715332,0.007390873015873016,-0.002547554134406031,340,0.00682908296585083,3.5051709598019007
230,387.6666666666667,2000.0,36,455.1388888888889,180.97222222222223,624,559.1944444444445,144000,278.90277777777777,0.0010685446,0.17397839,5.002494010660383,2.2372635308712248,0.029968202114105225,15.829565048217773,-0.0009517937085576474,0.6851156,-0.2638597049173855,1e-05,4.260757271070329,6.757532551175072,0.85909396,0.2,0.030780375003814697,-0.00018261089507076475,-0.0024341518561991436,-0.0002625897245865966,0.03167521953582764,0.027740180492401123,0.001240079365079365,-0.0013575037527415487,350,0.0066484808921813965,3.5230745918220943
230,390.36486486486484,2000.0,37,455.86486486486484,186.85135135135135,642,558.9864864864865,148000,280.85135135135135,0.00078182406,0.1748308,4.85977797735305,2.107129314967564,0.04133760929107666,5.713292598724365,-0.0001859243264392255,0.6960712,-0.2439558136557776,1e-05,3.991669876424093,5.516988025014363,0.870902,0.2,0.04400712251663208,-0.00032197400217964534,0.0006836450643955715,0.0004139523147531445,0.028530240058898926,0.03565710783004761,0.0006944444444444445,-0.0011528855869694361,360,0.010599792003631592,3.296203765604231
230,393.2236842105263,2000.0,38,455.7105263157895,192.47368421052633,660,559.1578947368421,152000,282.4605263157895,0.00069717446,0.09339756,4.430408074931493,2.460007644172699,0.023858726024627686,5.054030895233154,0.00033226957293375144,0.7433764,-0.2519367433256573,1e-05,3.6784997981692116,6.10119570474776,0.83677393,0.2,0.02817779779434204,-0.00019921930876397898,0.00038953210478500717,0.0001316592710772677,0.029018700122833252,0.032801806926727295,0.0001240079365079365,-0.0005907692517789584,370,0.006398975849151611,3.924514476458232
230,394.97435897435895,2000.0,39,455.5897435897436,195.87179487179486,677,558.1410256410256,156000,283.38461538461536,0.0017765921,0.1416995,4.328900731272167,2.0992568237440925,0.02531301975250244,6.630396842956543,-0.0021962098052932155,0.7170612,-0.24288153901459678,1e-05,3.8030019533066524,5.62441677668738,0.8587607,0.2,0.02751213312149048,-0.0011063290730355278,-0.002663166330949891,-0.0011756171782811482,0.02405846118927002,0.029616117477416992,0.003298611111111111,-0.0011534982915258124,380,0.006036937236785889,3.266290353593372
230,396.6875,2000.0,40,456.2625,200.3,695,557.2375,160000,285.675,0.0010282604,0.10715592,4.802122542593215,2.2075951671789564,0.029177546501159668,6.5539422035217285,0.0002503596150153686,0.75289947,-0.23971844646665785,1e-05,4.013808448541732,7.598363877099658,0.8600554,0.2,0.030282914638519287,-0.0007245538164935415,0.0008177668129700044,-0.00022631782210535473,0.022962868213653564,0.026037156581878662,0.004464285714285714,-0.0012014559521857234,390,0.008342087268829346,3.7170836834680467
230,398.3780487804878,2000.0,41,456.5121951219512,204.609756097561,713,556.4756097560976,164000,287.4878048780488,0.0007680535,0.13086063,4.514445590594458,2.3332148786575075,0.03029501438140869,8.567665100097656,-0.0015582118198157304,0.74967927,-0.2199926296396861,1e-05,3.886101925183856,6.94932985986982,0.8805399,0.2,0.03203922510147095,-0.0007438900939647167,-0.0013961009097300352,-0.0012445201217714283,0.020569145679473877,0.03153961896896362,0.0037450396825396827,-0.001778748258948326,400,0.008443951606750488,3.588050139991064
229,401.5952380952381,2000.0,42,456.76190476190476,210.38095238095238,730,557.202380952381,168000,289.4047619047619,0.00036524955,0.15846467,4.392298786413102,2.684429961916,0.014029979705810547,5.935089588165283,-3.8292697290816e-05,0.71354544,-0.2151657335578449,1e-05,3.6058070731541467,6.910796559424627,0.8720101,0.2,0.016185462474822998,-4.244623853573723e-06,-0.0009041821502799553,-0.00015382933105149911,0.02575284242630005,0.03286337852478027,0.0,-0.0002809997448431594,410,0.0007418990135192871,3.8798991682037474
229,402.6511627906977,2000.0,43,457.0232558139535,213.1860465116279,748,556.4883720930233,172000,290.8488372093023,0.0005084526,0.1326611,4.407798206616961,2.359311274687449,0.019180893898010254,6.064177513122559,-8.177205269771909e-05,0.73782307,-0.20190100099832292,1e-05,3.672870682345496,7.677874124617803,0.8704842,0.2,0.02175229787826538,-0.0004814294662090048,0.00030150792694517547,0.00011906390935773887,0.02661532163619995,0.029018521308898926,0.0005952380952380953,-0.0007601208090486508,420,0.005764007568359375,3.5235869887329283
229,405.6363636363636,2000.0,44,456.90909090909093,217.5340909090909,766,557.3295454545455,176000,291.5113636363636,0.000360353,0.07528764,4.6797026615294195,2.4025351971860918,0.029065847396850586,22.454580307006836,-0.0006606640175931038,0.79313457,-0.20599106275846088,1e-05,3.7334224822029234,5.9864793194664845,0.8684222,0.2,0.03527820110321045,-0.0004196606665140107,2.887067237188892e-05,-0.00011210138539946269,0.03323328495025635,0.04176205396652222,7.440476190476191e-05,-0.0007077008567100006,430,0.005773663520812988,3.655620022236355
229,407.15555555555557,2000.0,45,456.6222222222222,220.33333333333334,783,556.9888888888889,180000,292.43333333333334,0.00010388155,0.13991082,5.118996781205374,2.3959303451908958,0.034117817878723145,5.459352970123291,-0.0002242202094445626,0.7417504,-0.19455845923650833,1e-05,4.452620256893218,6.257270745625571,0.88166124,0.2,0.04001861810684204,-0.0003388593202486398,-0.00029463074687454435,-0.00017015115757073674,0.027343690395355225,0.03445327281951904,0.0,-0.000311680268200617,440,0.0077866315841674805,3.545826322313339
229,408.95652173913044,2000.0,46,457.0108695652174,224.4673913043478,801,556.8695652173913,184000,293.7608695652174,0.0005083331,0.119452894,4.504466737262787,2.4831294015286463,0.02616095542907715,18.023454666137695,0.0001619329247328024,0.7529706,-0.18252640118201574,1e-05,3.696059683769468,6.605922136609516,0.87242347,0.2,0.030965328216552734,-0.00041319490114729554,0.00013597410778322863,-0.0004628244927892136,0.031645357608795166,0.039268672466278076,0.0024305555555555556,-0.0007797795362652295,450,0.0012485980987548828,3.664338164386295
229,410.22340425531917,2000.0,47,457.3936170212766,228.08510638297872,818,556.6914893617021,188000,294.93617021276594,0.0015433653,0.115419626,4.902099779673985,2.2773587664914507,0.02437061071395874,14.036158561706543,-3.8039239330424205e-05,0.77654946,-0.18168117219493501,1e-05,4.068803889600058,6.738524204965621,0.8919691,0.2,0.02899038791656494,-0.0009652935559787448,0.0014874025957570189,0.00036532902084882295,0.026829302310943604,0.02954941987991333,0.0012152777777777778,-0.0009116385701215929,460,-0.00010061264038085938,3.6804997693924677
229,411.34375,2000.0,48,457.4166666666667,231.19791666666666,836,556.7604166666666,192000,295.5,0.0013677061,0.1204918,5.046362998750475,2.309754918775861,0.03218799829483032,6.337806224822998,0.000585317091336326,0.7615074,-0.18786380353664595,1e-05,4.113719898083853,6.209119170052665,0.8819992,0.2,0.034959495067596436,-0.00022780821023006288,-5.761602937820412e-05,-0.0010906933075083153,0.02448362112045288,0.03466230630874634,0.003621031746031746,-0.0010144532643376835,470,0.0020408034324645996,3.4494353589557467
229,412.6020408163265,2000.0,49,457.96938775510205,235.10204081632654,854,556.6632653061224,196000,296.96938775510205,0.00052603806,0.17809838,4.5209369559136645,2.5398255719078913,0.019264042377471924,19.47646141052246,-0.0004992047376516793,0.6976122,-0.20833884744890152,1e-05,3.842761376358214,7.062680909368727,0.8757106,0.2,0.02366650104522705,-8.743905521456212e-05,-0.0009281569086606541,0.00011166518494959861,0.028055965900421143,0.03165912628173828,0.00034722222222222224,-0.00025562003609679994,480,0.004906177520751953,3.8168466055204
229,413.97,2000.0,50,458.21,238.3,871,556.84,200000,298.05,0.0013816563,0.09229809,4.816158624300881,2.784983503818512,0.025881707668304443,5.923388957977295,-0.0018738677518235314,0.77146167,-0.18018782018196014,1e-05,3.8149026098705474,6.228045021919977,0.86375976,0.2,0.02830028533935547,-0.0005093293648863596,-0.0028098799539582123,-0.0012245652221498035,0.0334891676902771,0.04520225524902344,0.009598214285714286,-0.0017088059409861526,490,0.0038455724716186523,4.193651746946668
229,417.45,2000.0,51,458.62,244.77,889,555.84,204000,299.65,0.0014611848,0.17625964,4.54180908203125,2.331694871849484,0.026253461837768555,5.477743625640869,-0.00023717466919195084,0.6963409,-0.17955593292911848,1e-05,3.6942718853080083,6.95683807948279,0.87260056,0.2,0.02855062484741211,-0.0011802433960376277,0.0015287558954682143,-5.148656015831327e-05,0.0269622802734375,0.02771860361099243,0.0042658730158730155,-0.0011622456730239921,500,0.004042685031890869,3.5907141527486224
229,420.47,2000.0,52,459.57,252.21,906,554.92,208000,302.3,0.00032039342,0.11642408,4.568050842436533,2.3040661445685795,0.02665412425994873,4.1653594970703125,6.0700135867274e-05,0.75623006,-0.18163934183262642,1e-05,3.784955352071732,5.565906862228636,0.87265414,0.2,0.031012415885925293,-0.00011793032052024963,0.0005701154485226623,6.9719392599331e-05,0.03109264373779297,0.037194788455963135,0.0,-0.00015426876895602735,510,0.009035766124725342,3.581094506241026
229,423.75,2000.0,53,460.03,259.59,924,554.03,212000,304.59,0.00039555738,0.14516479,4.713458042012321,2.2122508405692995,0.01966911554336548,18.378597259521484,-0.0009089694461888737,0.7415045,-0.16668236727515856,1e-05,3.9543749971049174,6.764088995116097,0.8866693,0.2,0.023614227771759033,-0.0003368361616536738,-0.0006434962552573,-0.0003387095813181192,0.021647930145263672,0.03239542245864868,0.0,-0.00048138175070995375,520,-0.00014102458953857422,3.4376197092116825
229,427.41,2000.0,54,460.39,266.11,942,553.52,216000,306.54,0.0007246099,0.14502239,4.923294046946935,2.5501681500957125,0.026887595653533936,7.404510974884033,-0.0004393078113299987,0.7303484,-0.17008117374683182,1e-05,4.057426649048215,6.318827352069673,0.8753708,0.2,0.03918886184692383,-3.379002834359805e-05,-0.0014682753610291651,-0.000516483403505787,0.033946216106414795,0.05106174945831299,0.0013392857142857143,-0.00044197123571639024,530,0.00985795259475708,3.8391682450733486
229,431.26,2000.0,55,460.23,273.58,959,553.91,220000,308.78,0.001367276,0.182441,5.055698146138872,2.458347439009046,0.029400408267974854,5.905689239501953,0.00036071923724006094,0.6988947,-0.15758746792636222,1e-05,4.136518240164197,7.049385773189484,0.8813357,0.2,0.03799581527709961,-0.0008616414992877889,0.0002813659238791655,-0.0011681086235930996,0.02981191873550415,0.039525628089904785,0.007068452380952381,-0.0010517850518226624,540,0.008282363414764404,3.8354839727992105
229,435.74,2000.0,56,460.86,281.77,977,554.16,224000,310.04,0.00063330884,0.14268434,4.806973317502037,2.499236162882003,0.02371114492416382,5.107914447784424,-0.0001340474286634061,0.7267161,-0.15903679924824882,1e-05,3.699698865602887,6.006263276508876,0.86940044,0.2,0.03074699640274048,-0.0005586064058459467,0.0008471478013292192,3.662365156092814e-05,0.028674304485321045,0.040493667125701904,0.0009424603174603175,-0.0004805751654895998,550,0.007656455039978027,3.829291112082345
229,439.71,2000.0,57,461.12,288.54,994,554.11,228000,311.35,0.0008356869,0.14505637,4.908070423867968,2.263090408699853,0.027091622352600098,22.70244026184082,-0.0012209096856947456,0.72328883,-0.1602146256892454,1e-05,3.878236640634991,6.349099567579844,0.8683452,0.2,0.031214416027069092,-0.0004547237152499812,-0.0026767626338239227,-0.0001231060932493872,0.02363598346710205,0.029815256595611572,0.010540674603174604,-0.0013063869542545743,560,0.0019114017486572266,4.1533647037687755
229,443.59,2000.0,58,461.11,295.08,1012,553.79,232000,312.69,0.0006416392,0.13179374,4.6310751752247885,2.042067782084147,0.02786034345626831,4.556812763214111,-9.97940455341623e-05,0.7349767,-0.1576270878314972,1e-05,3.7571632950078873,5.57877652985709,0.86677045,0.2,0.03277897834777832,-0.00019169338860563814,0.0006283002506409373,-0.0004802084757044675,0.025454223155975342,0.040064454078674316,0.003224206349206349,-0.0007810753614952167,570,0.0030426383018493652,3.4013946840687406
229,447.47,2000.0,59,461.22,302.77,1030,554.28,236000,314.6,0.0006198081,0.17573345,5.115782497988807,2.2762104538698047,0.02090531587600708,44.387298583984375,-0.0009254387572466854,0.69397634,-0.16146757754068525,1e-05,4.160671862155672,6.49090627677857,0.8697098,0.2,0.027064859867095947,-0.0002855513540525285,-0.0012852452821024353,4.438073004758547e-05,0.02574789524078369,0.034739673137664795,0.0031498015873015874,-0.0004925050344022493,580,0.005148887634277344,3.876148960325453
229,451.07,2000.0,60,461.34,309.7,1047,554.34,240000,316.77,0.00016018932,0.1563322,5.209621434268497,2.295539071730205,0.021635472774505615,5.469167709350586,-4.5831380264153555e-05,0.7122771,-0.15268063972157145,1e-05,4.304912044510009,6.517282739896623,0.8686093,0.2,0.030177950859069824,8.539802705248197e-05,-0.0005164905480803952,-7.669275094355856e-06,0.026235342025756836,0.03698331117630005,0.0,-0.0002277249802968332,590,0.0018500089645385742,3.6227051944013624
229,454.54,2000.0,61,461.94,316.72,1065,554.26,244000,318.75,0.00058507547,0.16646576,4.640429781542884,2.6744514511691198,0.024334430694580078,7.0417022705078125,7.196380017650505e-05,0.71970636,-0.14295070663331047,1e-05,3.7101975686966426,5.88957986983042,0.8861721,0.2,0.03133690357208252,-0.000541134514949388,0.0012748515233397483,0.000718972919183591,0.024036645889282227,0.03766322135925293,0.00042162698412698415,-0.0003584469912484998,600,0.003946185111999512,4.068927047555409
229,457.53,2000.0,62,463.03,323.66,1082,554.25,248000,321.3,0.00069877674,0.123580694,4.637678028477563,2.418358278369147,0.02279120683670044,20.818784713745117,-0.0009875379739299652,0.7329322,-0.15300720306852508,1e-05,3.6102653100377036,7.018512787516155,0.8565129,0.2,0.028043687343597412,-0.00023695462945079994,-0.001106052945501038,-0.0002975998106338675,0.02491086721420288,0.03179168701171875,0.0014632936507936508,-0.0004225878421926782,610,0.004691183567047119,3.903816367804058
228,460.92,2000.0,63,463.43,330.41,1100,554.25,252000,322.95,0.0006118622,0.19554007,4.544719999366336,2.553143200893251,0.010149776935577393,13.582662582397461,0.0004600556227304633,0.68121564,-0.14950081159671147,1e-05,3.4052427623007033,6.313500789233617,0.8767557,0.2,0.016520678997039795,-0.00024205887291048255,0.00023750845963756243,1.4583646718944823e-05,0.028330504894256592,0.038047194480895996,0.00034722222222222224,-0.00036787398248201323,620,0.004855036735534668,3.96966294277282
228,463.96,2000.0,64,463.9,337.28,1118,553.79,256000,324.92,0.00092682836,0.14164639,4.773837077428424,2.4962010927616602,0.013364732265472412,6.46526575088501,-0.0021368560529062674,0.7358586,-0.15437304742989086,1e-05,3.7539032293690577,6.9639316854022795,0.877505,0.2,0.01944500207901001,-0.001274942730863889,-0.0017090456641560036,-0.0006101728202627291,0.03193181753158569,0.04423493146896362,0.004712301587301587,-0.0012202762370367372,630,0.0051190853118896484,3.6923531463221897
228,466.32,2000.0,65,463.4,341.9,1135,552.98,260000,326.62,0.00072576967,0.16725796,4.917648088553595,2.2536521318412963,0.01658576726913452,5.142658233642578,-0.0010776068409165693,0.7007641,-0.1322363365382429,1e-05,4.189998374288044,6.539623064843435,0.8680221,0.2,0.022109389305114746,-0.0006559741882873433,-0.0008862168594662632,0.00021934199353886976,0.03148871660232544,0.034741878509521484,0.0033482142857142855,-0.0006644154085762917,640,0.002893209457397461,3.6734964976235043
228,468.49,2000.0,66,463.1,346.56,1153,552.95,264000,327.52,5.2811476e-05,0.1738779,4.81382827569568,2.417673793293181,0.024715006351470947,4.377326011657715,-0.00019019717823654886,0.69400793,-0.1287775626908692,1e-05,3.979291149926564,6.760018442925952,0.8678858,0.2,0.030354678630828857,-0.00012455439520260645,-0.0002140026739133256,-5.086720403697755e-05,0.021451830863952637,0.035019755363464355,0.0,-9.4492066030701e-05,650,0.00650477409362793,3.611981066541066
228,470.45,2000.0,67,462.73,351.22,1170,552.61,268000,328.55,0.0008209827,0.14060491,4.264139970711299,2.3035098038968584,0.01859349012374878,41.06928634643555,0.0008761311282536813,0.7214407,-0.13483476501608652,1e-05,3.4781240907926407,6.2326647633597965,0.8620456,0.2,0.023799896240234375,0.0004488496205932091,0.0006259842029225732,-2.0867928359953184e-05,0.024936020374298096,0.034266889095306396,0.0017609126984126984,-0.0003316256602013868,660,0.005826473236083984,3.7927613941449967
228,472.2,2000.0,68,462.32,354.58,1188,552.08,272000,328.84,0.00078557583,0.12736887,4.328579252769076,2.471769823157598,0.020600438117980957,5.661123752593994,0.0004951192487386011,0.7288986,-0.13933173360096085,1e-05,3.6654317503883727,6.892269525073823,0.85626745,0.2,0.024973809719085693,-0.00027083994687667916,0.0008170573794770809,-0.00010166967745929483,0.026783287525177002,0.04085201025009155,0.0033978174603174604,-0.0004760498543166452,670,0.0036806464195251465,4.026047606316824
228,473.75,2000.0,69,462.98,360.23,1206,552.26,276000,330.67,0.0006294947,0.12808222,5.0257890220672365,1.8362532978020016,0.03500396013259888,4.947329521179199,0.0006798365559901983,0.7310088,-0.12655159065884258,1e-05,4.241586321686942,6.3897297125014045,0.85909104,0.2,0.04096484184265137,0.0003717430150284181,0.0003979202773835924,1.1461786925792695e-06,0.01997387409210205,0.034195780754089355,0.002281746031746032,-0.0004725907559669207,680,0.006871223449707031,3.068505710836441
228,474.23,2000.0,70,463.55,364.04,1223,551.66,280000,331.76,0.0002963797,0.13018095,5.172110104560852,2.5964036587684873,0.02025604248046875,32.55856704711914,-0.0004812398895857826,0.71459615,-0.12293095962395743,1e-05,4.212556948548271,7.047000358785902,0.8447771,0.2,0.02930581569671631,-0.00010073575752949904,-0.0002936079019000606,2.8245658835484867e-05,0.025836825370788574,0.04435080289840698,2.48015873015873e-05,-0.0002600626332596654,690,0.008687078952789307,3.809413564772833
228,475.86,2000.0,71,464.61,368.89,1241,552.35,284000,332.52,0.00037035803,0.10707551,4.369760431656762,2.474311878662261,0.024765312671661377,6.979037284851074,-0.00026657297645532894,0.75871944,-0.1238559289465821,1e-05,3.7537957773322153,6.311640930554224,0.86579496,0.2,0.037448763847351074,-0.00014864568495088153,8.578036749173725e-05,-0.0003810233443916317,0.030003726482391357,0.04881495237350464,0.0,-0.0005560801904057227,700,0.007511734962463379,3.9176628794935016
228,477.91,2000.0,72,464.69,373.02,1258,553.13,288000,333.16,0.000803798,0.15526038,4.9090691089630125,2.1880355421512845,0.018550753593444824,8.803366661071777,0.0005261494268086694,0.70597386,-0.12214322323127398,1e-05,3.9257197126509653,6.941966962435889,0.86123425,0.2,0.017940878868103027,6.31817372604495e-05,-0.00012303864997294215,-0.0005783534985745237,0.01756817102432251,0.03929191827774048,0.0006696428571428571,-0.00029568629975001965,710,-0.005790591239929199,3.667376885338435
228,479.07,2000.0,73,464.7,375.11,1276,553.58,292000,333.33,0.0004800712,0.16652471,5.138525405005804,2.347316361892791,0.028983712196350098,28.689985275268555,-0.00034578819093959674,0.7140684,-0.11680397689342499,1e-05,4.099494968141828,6.884035191460261,0.8805931,0.2,0.03424692153930664,0.00024567608913731955,-0.00032822080621761936,-6.8692256149555e-05,0.026100993156433105,0.04430735111236572,0.0010912698412698413,-0.0002380177223434051,720,0.002194643020629883,3.982822022930024
228,480.66,2000.0,74,464.16,376.45,1293,554.07,296000,332.58,0.0002233347,0.15568101,5.02749791542689,2.1607887895334335,0.027934014797210693,3.9878289699554443,-0.0002745718022601472,0.71904,-0.11616843760841422,1e-05,4.297520103341057,6.82270844588204,0.874721,0.2,0.03698450326919556,-0.00017546612237180983,-0.0005300590384101111,-7.527126442818415e-07,0.015174150466918945,0.025096356868743896,0.00047123015873015874,-0.0002110899743875341,730,0.004507184028625488,3.6677830801123665
228,481.55,2000.0,75,464.28,378.41,1311,554.14,300000,332.69,0.00066695403,0.20143151,4.9216331383538625,1.8168418450014931,0.02557849884033203,6.41500186920166,-0.0006289963144809008,0.6880581,-0.12606656308921557,1e-05,4.130277935474638,5.905081254716904,0.8894896,0.2,0.03212672472000122,-5.039190282187765e-05,-0.0006070091677386136,0.0005608881941981732,0.024995625019073486,0.041536033153533936,0.0014136904761904762,-0.0003764431716667281,740,0.008072912693023682,3.4255268703377437
228,482.48,2000.0,76,465.53,381.82,1329,554.42,304000,333.57,0.00014964284,0.15483755,4.6920102776043,1.9501229142385816,0.015841007232666016,5.082361698150635,-0.0003632739585425172,0.71323544,-0.11820112555509522,1e-05,3.7338289200313506,5.431098919066172,0.868073,0.2,0.01985388994216919,-0.00021116797117486831,-0.00017223806963080453,-6.9344889313455615e-06,0.024428606033325195,0.045034050941467285,9.92063492063492e-05,-0.0003116650359025077,750,0.0032972097396850586,3.2939573071305714
228,482.3,2000.0,77,466.31,382.68,1346,554.04,308000,333.73,0.0007058351,0.17052126,4.820012272918035,2.25887624224027,0.0250663161277771,16.48400115966797,5.8472602229033195e-05,0.7110635,-0.11716083544823859,1e-05,3.940522309806612,6.605898624374753,0.88158476,0.2,0.03141450881958008,-0.0003033203154151875,0.00027268217906119334,-0.0007567925785209925,0.02066713571548462,0.0391538143157959,0.0019345238095238096,-0.0005204756943775075,760,0.008178114891052246,3.9283182560451446
228,482.73,2000.0,78,466.07,384.58,1364,554.43,312000,333.27,2.7685071e-05,0.19369704,4.672309916360038,2.286041838687564,0.01732569932937622,32.8591194152832,-0.00024963605868083143,0.6918099,-0.12098219358022251,1e-05,3.8557380025348964,6.019675550385127,0.8855069,0.2,0.02428603172302246,-0.000160672980183292,-0.00018759194451073807,-2.45369349916776e-05,0.026113927364349365,0.047013700008392334,0.0,-7.946438170851223e-05,770,0.005208015441894531,3.3536704343462747
228,483.87,2000.0,79,467.06,387.89,1381,555.81,316000,333.47,0.000623697,0.16943645,4.843693991123684,2.112701314214676,0.020108520984649658,6.588904857635498,-0.00024650297977680727,0.7206557,-0.11151699517217893,1e-05,4.001024795335437,6.806031920417907,0.89009213,0.2,0.028760850429534912,-0.0006458183085279806,0.0007390553094742317,-0.0005026074259408883,0.030999720096588135,0.04679948091506958,0.004910714285714286,-0.0007300497232271093,780,0.0056307315826416016,3.662246042395395
228,483.85,2000.0,80,467.1,388.62,1399,555.71,320000,333.05,0.0004085554,0.15218788,5.051467563235571,2.314802411435142,0.024985969066619873,7.094888687133789,-8.14489946360626e-05,0.706733,-0.11592299453322849,1e-05,4.1339016330620595,6.478285814845373,0.8589209,0.2,0.02908426523208618,-0.0001800393412214896,-0.0001492269706749727,-6.893068803326478e-05,0.0351904034614563,0.05394178628921509,0.0008928571428571428,-0.0008318654719799284,790,0.0037567615509033203,3.8078904712010946
228,483.16,2000.0,81,467.87,388.56,1416,555.34,324000,332.63,0.0007892152,0.17546552,4.730020002334837,2.0840732663396806,0.021815955638885498,6.468005180358887,8.662316342076612e-05,0.721939,-0.10038082607918315,1e-05,3.88798437591583,5.74351293700082,0.89740455,0.2,0.026337385177612305,-0.00041364203872425214,0.00058652410534994,-7.914670314344149e-05,0.014402449131011963,0.028380513191223145,0.005357142857142857,-0.000880989067936464,800,0.0049402713775634766,3.4889750625405993
228,484.36,2000.0,82,467.15,389.98,1434,556.71,328000,331.46,6.445558e-05,0.19906121,4.545441462312426,2.153037508517977,0.01775515079498291,5.361171245574951,-9.866185959369417e-05,0.68832433,-0.11586929036984368,1e-05,3.624429917997784,5.819086145976233,0.88738555,0.2,0.025098741054534912,-8.515685737606078e-05,0.00010663336438555566,2.277203584237704e-05,0.029144346714019775,0.04578810930252075,0.0,-3.852475922377337e-05,810,0.002830684185028076,3.978685130864855
228,484.36,2000.0,83,467.63,390.96,1451,557.02,332000,331.12,0.00050502474,0.19400012,5.168241496502407,1.9899213830629985,0.026746094226837158,6.990271091461182,-0.0006770515178758946,0.68797004,-0.09988197017874982,1e-05,4.315232147110833,6.586422516807677,0.88197017,0.2,0.03372007608413696,-0.00027971330084024915,-0.0008395458372043712,-0.00015943783098861338,0.02208179235458374,0.04212874174118042,0.0021081349206349205,-0.0004326993629099831,820,0.008426308631896973,3.532098687073541
228,484.22,2000.0,84,467.95,390.75,1469,557.33,336000,329.91,0.00014121416,0.19323069,5.227975921025352,2.1799161131419833,0.031166136264801025,21.925994873046875,-0.0002809834829162038,0.665969,-0.1032904607376882,1e-05,4.29824574012605,6.0325625184982545,0.8591997,0.2,0.03858649730682373,-2.1464893564818397e-05,-3.842143120155448e-05,-8.440612194438775e-05,0.027829349040985107,0.0554618239402771,0.0005456349206349206,-0.00027072787477028747,830,0.008929133415222168,3.852618914085721
228,483.9,2000.0,85,467.92,390.33,1487,557.6,340000,328.58,0.0006346219,0.222996,5.065135432046557,1.8050661355730087,0.023105263710021973,5.219604015350342,0.00028095894404465244,0.66015613,-0.10792672909677975,1e-05,4.104767202384888,5.815039539715601,0.8831521,0.2,0.02946484088897705,-0.0003527299345781406,-0.00010081841758201047,-0.0002798540643342431,0.016902506351470947,0.029073059558868408,0.0038938492063492064,-0.0008026669674094707,840,-0.0020046234130859375,3.4760538047268277
228,483.25,2000.0,86,469.06,390.75,1504,557.5,344000,328.22,0.00020833766,0.18966955,5.149030536697024,1.9080988182908012,0.020061075687408447,6.767969131469727,-0.00047856851273940667,0.6788955,-0.0936837356182791,1e-05,4.007774961278552,5.960159098534357,0.868565,0.2,0.02447289228439331,-8.801789289074285e-05,-0.00012629082101205038,0.00017435501462646893,0.02836519479751587,0.043580472469329834,0.00034722222222222224,-0.00023415577376172656,850,0.002683877944946289,3.9093663680174995
228,483.01,2000.0,87,468.86,390.86,1522,557.64,348000,327.43,0.0006150101,0.23261058,4.582537330521477,2.092165371917543,0.023974180221557617,6.926416397094727,0.00041495639505603955,0.6515635,-0.08513641969433852,1e-05,3.8232970918927873,5.696769908496312,0.8841741,0.2,0.03319895267486572,-0.0003088104146872721,0.00022744303938770105,-0.00017468069369594257,0.029571175575256348,0.04723697900772095,0.0033978174603174604,-0.0006596698004397608,860,0.005494058132171631,3.926213704593598
228,481.9,2000.0,88,469.44,389.87,1539,557.04,352000,326.6,0.00019307759,0.20054907,4.817577933697473,2.293711614987207,0.02058345079421997,13.141040802001953,-4.2696332647686915e-05,0.64681095,-0.08953694657437385,1e-05,3.7096892566907975,6.39012966345227,0.84736,0.2,0.027461767196655273,-7.070799816458945e-05,-0.0006177321069001678,-0.0001371959653047342,0.02584737539291382,0.04311227798461914,0.0006696428571428571,-0.00021544287483843546,870,0.010864675045013428,4.08978153050892
228,481.99,2000.0,89,470.28,391.38,1557,557.68,356000,326.56,4.4094486e-05,0.20312631,4.774179186139788,1.809646555734059,0.014802932739257812,4.027796745300293,-0.00015081330276434384,0.6522205,-0.09597332623624612,1e-05,3.809572880608695,6.315835347629728,0.8553468,0.2,0.02510613203048706,-8.841913104766891e-05,1.5847824720872773e-05,-3.588043803733493e-05,0.016620337963104248,0.03474092483520508,0.0,-2.8977928210109e-05,880,-0.0015625953674316406,3.493812627735592
228,482.42,2000.0,90,470.02,391.75,1574,558.7,360000,324.63,8.0246835e-05,0.19005495,5.292099274907794,1.9505896765088278,0.02225881814956665,7.446195602416992,-0.00011537119871862824,0.67646044,-0.09427240131984628,1e-05,4.106564472308235,5.7912155571438015,0.8665154,0.2,0.03355926275253296,-0.00010377772536779207,-0.00011414754027057261,0.00013808037952653,0.02794283628463745,0.04695689678192139,0.0,-6.021874409819406e-05,890,0.0035689473152160645,3.7492094668131024
228,482.02,2000.0,91,469.74,390.37,1592,558.84,364000,322.85,0.00012487905,0.13367325,4.7191814004428805,1.977372348781616,0.03304946422576904,6.014540195465088,0.00025804007041548927,0.692675,-0.1023415224537963,1e-05,3.786510338764342,5.787476391262478,0.82634825,0.2,0.03674989938735962,9.325099554622458e-05,-0.00010806782141564384,-8.373018575920945e-05,0.017356812953948975,0.04113423824310303,0.0,-7.262505176994536e-05,900,0.010291874408721924,3.785047702467631
228,480.15,2000.0,92,469.91,388.08,1609,557.79,368000,321.32,0.0005042751,0.21293384,4.90736290065069,1.9450152224964565,0.026386737823486328,4.197001934051514,-1.3625739319693474e-05,0.6527226,-0.08980276916353476,1e-05,3.830378018295954,5.339283710055881,0.86565644,0.2,0.035367369651794434,-0.0004456958201314722,0.0007316546662459298,0.00012590460819266144,0.014836430549621582,0.031944096088409424,0.0025049603174603177,-0.0004807462150763188,910,-0.0005350112915039062,3.6302889379244
228,480.34,2000.0,93,469.91,388.42,1627,558.06,372000,319.74,0.00018932423,0.19784558,4.889519587963346,2.1484493968032656,0.023155570030212402,8.772784233093262,0.00011413124803867605,0.6574106,-0.08237318634277298,1e-05,3.762083443951985,6.269014797513447,0.8552562,0.2,0.0318603515625,-0.00013234007748819533,-0.00010850832147139406,-0.0002871121885994124,0.030748724937438965,0.05060684680938721,0.0011160714285714285,-0.00047079058556211373,920,0.0027725696563720703,3.655317915432037
228,479.3,2000.0,94,470.02,387.57,1644,557.53,376000,318.58,8.5310225e-05,0.19261616,4.82797207756648,1.8477680437148563,0.02589595317840576,34.27375793457031,-0.00031195871960667393,0.6467425,-0.07912516819815787,1e-05,3.9169094719584026,6.017615376578437,0.8393587,0.2,0.04168909788131714,-0.00015627726587274718,-0.00022632404792285156,-9.332042527458971e-05,0.017459571361541748,0.04606539011001587,0.0008432539682539683,-0.0003216077048804552,930,0.009356915950775146,3.584699949953291
228,479.36,2000.0,95,470.75,388.7,1661,557.99,380000,317.66,0.00015115758,0.21342552,4.6352825705967255,1.9100014351663135,0.01826000213623047,5.808531284332275,-0.00019304678509277957,0.6438619,-0.07503175304995643,1e-05,3.676289101914754,6.294546254854354,0.8572874,0.2,0.023643791675567627,-0.00010845347765892271,0.00014374514834748374,8.73969609124793e-05,0.021678686141967773,0.04343754053115845,9.92063492063492e-05,-0.00026492659032108294,940,2.8431415557861328e-05,3.950102836745126
228,479.03,2000.0,96,471.41,388.68,1679,558.28,384000,316.88,0.000283739,0.19882423,4.857099637909541,2.0156887448023237,0.020082294940948486,4.556701183319092,0.0002669211861396593,0.6632383,-0.06929930690380316,1e-05,3.601905742713383,5.564822060721261,0.8620625,0.2,0.028988897800445557,-1.1210175349362313e-05,3.319938800164631e-05,6.0813335169638905e-05,0.03069859743118286,0.054982125759124756,0.0,-0.00021881707722232457,950,0.004230320453643799,3.5254978749487136
228,479.15,2000.0,97,470.8,387.92,1696,558.94,388000,315.05,0.00019905595,0.22402412,5.415587229577322,1.9271565514897544,0.0212249755859375,7.600610256195068,2.857079611174644e-06,0.6305917,-0.061442671396902626,1e-05,4.323530553636097,7.082517745759752,0.8546158,0.2,0.027493953704833984,-0.00028667075204707326,0.00010065697724857028,4.253347315603778e-05,0.019406437873840332,0.043382108211517334,0.0,-0.00021075354667291754,960,0.0018353462219238281,3.404051439724271
228,479.11,2000.0,98,470.93,388.16,1714,559.37,392000,313.85,2.9802839e-05,0.2072841,4.689910568320562,1.8131403513370998,0.014247119426727295,5.345157146453857,-6.7620892964658285e-06,0.6446807,-0.06651401426938791,1e-05,3.8140351429818167,5.979900750281319,0.8519648,0.2,0.026551425457000732,-5.3871102217170925e-05,5.1515593770004455e-05,-4.950336195410244e-05,0.020622670650482178,0.04470968246459961,9.92063492063492e-05,-7.039024716331845e-05,970,0.005529642105102539,3.7692303207185534
228,478.66,2000.0,99,471.06,387.42,1731,559.48,396000,312.56,4.6599584e-05,0.2315237,5.27627144143695,1.6838127467367383,0.03042846918106079,5.177628993988037,-0.00034420771657356195,0.6286414,-0.07372109562395111,1e-05,3.976289892007434,5.987834657941546,0.8601651,0.2,0.04476618766784668,-0.0002453060791132942,-0.00011135125163173865,-1.4843776940353333e-05,0.016954898834228516,0.04865759611129761,0.0,-0.0002030535601079464,980,0.006998419761657715,3.3248192399267165
228,478.03,2000.0,100,471.41,387.2,1749,559.53,400000,311.53,9.982768e-05,0.21547395,4.838333882888159,1.940319770479959,0.021272897720336914,4.2765350341796875,8.378773484201658e-05,0.60567355,-0.06630957750455728,1e-05,3.6613324664887927,5.746404485475449,0.8211475,0.2,0.02698880434036255,2.668207393042625e-05,0.0001398200945307811,-0.00017589503263552037,0.02396911382675171,0.03756839036941528,0.0,-0.0001223885542934849,990,-0.0019307136535644531,4.190027846987285
228,477.96,2000.0,101,471.4,387.21,1766,559.95,404000,310.93,0.00034450195,0.22821105,4.877462639884343,1.8357705343337285,0.01935875415802002,8.222341537475586,-0.0007857059453806233,0.62304467,-0.07794775972881961,1e-05,3.6118483936029766,5.697724164856805,0.8512557,0.2,0.028861820697784424,-0.0002760512754321098,-0.0004552534707481899,-0.0002785523082055743,0.020884990692138672,0.04676938056945801,0.0014384920634920636,-0.0003337619567496909,1000,0.0017049908638000488,3.4631387004776606
228,477.71,2000.0,102,471.53,386.61,1784,560.58,408000,309.22,0.00013264194,0.19864565,4.96502769220443,1.7892337201133608,0.03170377016067505,32.74165725708008,-1.7899106301012493e-05,0.62493056,-0.06456632703424446,1e-05,3.8136576325174363,5.812370001702082,0.8235762,0.2,0.04076790809631348,-0.00022484518454543183,0.00021706122594575088,5.439132274616333e-06,0.014835059642791748,0.036985158920288086,0.0,-6.140810585329457e-05,1010,0.004390418529510498,3.5765223797351595
228,478.04,2000.0,103,472.11,387.83,1801,561.19,412000,308.96,0.0003027307,0.16869146,5.110601692161863,1.7075076373796614,0.01990032196044922,8.439654350280762,0.00045567314539636885,0.6537582,-0.0694785053649592,1e-05,3.5823897555706994,5.61977000198667,0.8224497,0.2,0.03047257661819458,5.187457353467979e-05,0.00036777606795704553,1.1767464734259106e-05,0.015462815761566162,0.046638667583465576,0.0002728174603174603,-0.00016306093376543786,1020,0.004394829273223877,3.5097458072124965
228,477.82,2000.0,104,472.69,388.47,1819,561.56,416000,307.95,0.00013102092,0.19287956,5.2093445331331285,1.995562710270049,0.026692569255828857,12.004453659057617,-0.0003719537563267208,0.6200086,-0.06134510532258049,1e-05,4.0622689143059745,6.36415068232824,0.81288815,0.2,0.04053473472595215,-0.0001881555210621584,-0.00031782454323200953,-0.00012503365601693826,0.02051079273223877,0.04247641563415527,0.0001240079365079365,-0.00016728957656711812,1030,0.0027129650115966797,3.75316946288896
228,477.81,2000.0,105,472.27,387.51,1836,561.91,420000,306.76,3.3085027e-05,0.20117402,5.456605143395681,1.99560550157986,0.023631572723388672,23.09894561767578,-7.896946876176767e-05,0.6246623,-0.06802228050572531,1e-05,4.175698422628736,6.6979880121019155,0.8258363,0.2,0.03486061096191406,-7.748450078661479e-05,-9.076726874188772e-05,-1.4229478787571664e-05,0.021502971649169922,0.04821479320526123,0.0,-4.046200700695552e-05,1040,0.0099259614944458,3.9202616470200673
228,477.9,2000.0,106,471.9,388.65,1853,562.73,424000,306.72,4.8817947e-05,0.2232458,5.2038382736463396,2.128696878561898,0.02117973566055298,5.6250200271606445,-7.599119156125992e-06,0.61636907,-0.06513079775586014,1e-05,3.9485939029663326,7.078593840674748,0.83961487,0.2,0.03277045488357544,-8.057146407072506e-05,6.865787630279859e-06,-7.713846566658172e-05,0.018898963928222656,0.05098181962966919,0.0,-7.894194633182553e-05,1050,0.006770610809326172,3.857976220808332
228,477.7,2000.0,107,472.53,389.82,1871,562.92,428000,306.44,0.00012042776,0.20886612,4.470340948445457,1.8969877285616739,0.015794813632965088,5.374539852142334,-0.000286463081895832,0.6415386,-0.06326311887611473,1e-05,3.4174705025695618,5.689569312428671,0.85040474,0.2,0.029837191104888916,-0.00023541241359438688,-0.0002688878326721135,-0.00019879810482500092,0.02174919843673706,0.04509329795837402,0.00014880952380952382,-0.0003187168286078506,1060,0.008656799793243408,3.58043663066531
228,477.33,2000.0,108,473.54,390.59,1888,563.08,432000,306.43,0.00033929662,0.21278012,4.864430962479304,1.8868352303429254,0.02185535430908203,4.8144097328186035,0.00031774924728014166,0.6195361,-0.0659546950861575,1e-05,3.5635351038168346,5.261387900322203,0.8323162,0.2,0.034274280071258545,-3.681404087396841e-05,0.0003925962299699821,0.00015439222019816203,0.02173900604248047,0.05492961406707764,0.0029017857142857144,-0.0004636321652917162,1070,0.006450951099395752,3.6105454423124828
228,476.45,2000.0,109,473.96,389.65,1906,562.9,436000,305.69,0.00025461,0.22739512,5.013792851993016,2.1118875689922816,0.0170058012008667,3.4412171840667725,-0.00023416453410708715,0.59171027,-0.06490756481412857,1e-05,3.704649967144406,6.4600346576599845,0.8191054,0.2,0.025436580181121826,-7.140301389708405e-05,-0.00031748579016753606,-0.00011183155611866996,0.02891361713409424,0.04470008611679077,0.001736111111111111,-0.00021951436582538816,1080,0.004909336566925049,3.91182321943934
